[
  {
    "id": "1",
    "slug": "untitled-post-0",
    "title": "Untitled Post 0",
    "excerpt": "Contenido no disponible....",
    "content": "<p>Contenido no disponible.</p>",
    "date": "2026-02-11T08:31:02.939Z",
    "author": "Palbin",
    "image": "/placeholder.svg",
    "tags": [],
    "legacyPath": "",
    "metaTitle": "Untitled Post 0",
    "metaDescription": ""
  },
  {
    "id": "2",
    "slug": "untitled-post-1",
    "title": "Untitled Post 1",
    "excerpt": "Contenido no disponible....",
    "content": "<p>Contenido no disponible.</p>",
    "date": "2026-02-11T08:31:02.940Z",
    "author": "Palbin",
    "image": "/placeholder.svg",
    "tags": [],
    "legacyPath": "",
    "metaTitle": "Untitled Post 1",
    "metaDescription": ""
  },
  {
    "id": "3",
    "slug": "untitled-post-2",
    "title": "Untitled Post 2",
    "excerpt": "Contenido no disponible....",
    "content": "<p>Contenido no disponible.</p>",
    "date": "2026-02-11T08:31:02.940Z",
    "author": "Palbin",
    "image": "/placeholder.svg",
    "tags": [],
    "legacyPath": "",
    "metaTitle": "Untitled Post 2",
    "metaDescription": ""
  },
  {
    "id": "4",
    "slug": "untitled-post-3",
    "title": "Untitled Post 3",
    "excerpt": "Contenido no disponible....",
    "content": "<p>Contenido no disponible.</p>",
    "date": "2026-02-11T08:31:02.940Z",
    "author": "Palbin",
    "image": "/placeholder.svg",
    "tags": [],
    "legacyPath": "",
    "metaTitle": "Untitled Post 3",
    "metaDescription": ""
  },
  {
    "id": "5",
    "slug": "untitled-post-4",
    "title": "Untitled Post 4",
    "excerpt": "Contenido no disponible....",
    "content": "<p>Contenido no disponible.</p>",
    "date": "2026-02-11T08:31:02.940Z",
    "author": "Palbin",
    "image": "/placeholder.svg",
    "tags": [],
    "legacyPath": "",
    "metaTitle": "Untitled Post 4",
    "metaDescription": ""
  },
  {
    "id": "6",
    "slug": "untitled-post-5",
    "title": "Untitled Post 5",
    "excerpt": "Contenido no disponible....",
    "content": "<p>Contenido no disponible.</p>",
    "date": "2026-02-11T08:31:02.940Z",
    "author": "Palbin",
    "image": "/placeholder.svg",
    "tags": [],
    "legacyPath": "",
    "metaTitle": "Untitled Post 5",
    "metaDescription": ""
  },
  {
    "id": "7",
    "slug": "untitled-post-6",
    "title": "Untitled Post 6",
    "excerpt": "Contenido no disponible....",
    "content": "<p>Contenido no disponible.</p>",
    "date": "2026-02-11T08:31:02.940Z",
    "author": "Palbin",
    "image": "/placeholder.svg",
    "tags": [],
    "legacyPath": "",
    "metaTitle": "Untitled Post 6",
    "metaDescription": ""
  },
  {
    "id": "8",
    "slug": "untitled-post-7",
    "title": "Untitled Post 7",
    "excerpt": "Contenido no disponible....",
    "content": "<p>Contenido no disponible.</p>",
    "date": "2026-02-11T08:31:02.940Z",
    "author": "Palbin",
    "image": "/placeholder.svg",
    "tags": [],
    "legacyPath": "",
    "metaTitle": "Untitled Post 7",
    "metaDescription": ""
  },
  {
    "id": "9",
    "slug": "untitled-post-8",
    "title": "Untitled Post 8",
    "excerpt": "Contenido no disponible....",
    "content": "<p>Contenido no disponible.</p>",
    "date": "2026-02-11T08:31:02.940Z",
    "author": "Palbin",
    "image": "/placeholder.svg",
    "tags": [],
    "legacyPath": "",
    "metaTitle": "Untitled Post 8",
    "metaDescription": ""
  },
  {
    "id": "10",
    "slug": "untitled-post-9",
    "title": "Untitled Post 9",
    "excerpt": "Contenido no disponible....",
    "content": "<p>Contenido no disponible.</p>",
    "date": "2026-02-11T08:31:02.940Z",
    "author": "Palbin",
    "image": "/placeholder.svg",
    "tags": [],
    "legacyPath": "",
    "metaTitle": "Untitled Post 9",
    "metaDescription": ""
  },
  {
    "id": "11",
    "slug": "untitled-post-10",
    "title": "Untitled Post 10",
    "excerpt": "Contenido no disponible....",
    "content": "<p>Contenido no disponible.</p>",
    "date": "2026-02-11T08:31:02.940Z",
    "author": "Palbin",
    "image": "/placeholder.svg",
    "tags": [],
    "legacyPath": "",
    "metaTitle": "Untitled Post 10",
    "metaDescription": ""
  }
]