Páginas principales,Clics,Impresiones,Acción
https://www.personalizadoshosteleria.com/blog/p27162-prueba-palbin.html,16,3233,ELIMINAR (Obsoleto/Prueba)
https://www.personalizadoshosteleria.com/blog/p19621-ya-casi-hemos-llegado.html,0,56,ELIMINAR (Obsoleto/Prueba)
https://www.personalizadoshosteleria.com/blog/c4275-situacion-covid19.html,0,18,ELIMINAR (Obsoleto/Prueba)
https://www.personalizadoshosteleria.com/blog/p23642-nueva-portada-personalizados-hosteleria.html,0,25,ELIMINAR (Obsoleto/Prueba)
https://www.personalizadoshosteleria.com/blog/p22871-copas-de-vino-personalizadas.html#caracter-sticas-de-una-copa-vino,0,72,ELIMINAR (Sin tráfico)
https://www.personalizadoshosteleria.com/blog/p23188-diferencias-y-consejos-de-grabado-sobre-copas-de-vino.html#diferencia-entre-un-lavavajillas-dom-stico-y-uno-de-uso-industrial-en-hosteler-a,0,11,ELIMINAR (Sin tráfico)
https://www.personalizadoshosteleria.com/blog/p22953-personalizados-hosteleria-y-sus-clientes.html#qu-nos-piden-desde-la-web,0,12,ELIMINAR (Sin tráfico)
https://www.personalizadoshosteleria.com/blog/p31316-servilletas-personalizadas-velocidad-record-y-estrategia-de-marketing-no-solo-tinta.html,0,13,ELIMINAR (Sin tráfico)
https://www.personalizadoshosteleria.com/blog/p22953-personalizados-hosteleria-y-sus-clientes.html#personalizar-productos-de-hosteler-a,0,13,ELIMINAR (Sin tráfico)
https://www.personalizadoshosteleria.com/blog/p20126-agosto-frio-el-rostro.html,0,15,ELIMINAR (Sin tráfico)
https://www.personalizadoshosteleria.com/blog/p23071-servilletas-personalizadas-de-hosteleria-continuacion.html,0,16,ELIMINAR (Sin tráfico)
https://www.personalizadoshosteleria.com/blog/p21581-servilleteros-personalizados-y-servilletas.html,0,16,ELIMINAR (Sin tráfico)
https://www.personalizadoshosteleria.com/blog/p19907-personalizar-tus-productos.html,0,17,ELIMINAR (Sin tráfico)
https://www.personalizadoshosteleria.com/blog/c4567-cuberteria-personalizada.html,0,19,ELIMINAR (Sin tráfico)
https://www.personalizadoshosteleria.com/blog/c4565-vajilla-personalizada.html,0,19,ELIMINAR (Sin tráfico)
https://www.personalizadoshosteleria.com/blog/p19832-copas-de-vino-grabadas-y-personalizadas.html,0,24,ELIMINAR (Sin tráfico)
https://www.personalizadoshosteleria.com/blog/c3964-nuestros-posts.html,0,26,ELIMINAR (Sin tráfico)
https://www.personalizadoshosteleria.com/blog/p23545-copas-de-vino.html,0,29,ELIMINAR (Sin tráfico)
https://www.personalizadoshosteleria.com/blog/p25998-copas-de-vino-personalizadas-cabernet.html,0,30,ELIMINAR (Sin tráfico)
https://www.personalizadoshosteleria.com/blog/p31360-servilletas-personalizadas-urgentes-plazo-record-y-calidad-garantizada.html,0,36,ELIMINAR (Sin tráfico)
https://www.personalizadoshosteleria.com/blog/p25187-que-elegir-para-una-copa-de-vino-personalizada-¿vidrio-o-cristal.html,0,37,ELIMINAR (Sin tráfico)
https://www.personalizadoshosteleria.com/blog/p20727-oferta-copas-grabadas.html,0,39,ELIMINAR (Sin tráfico)
https://www.personalizadoshosteleria.com/blog/p23551-servilletas-de-hosteleria-el-mejor-modo-de-comprarlas.html,0,39,ELIMINAR (Sin tráfico)
https://www.personalizadoshosteleria.com/blog/p31244-servilletas-miniservis-con-impresion-total-caso-de-exito-molgar-inmobiliaria.html,0,42,ELIMINAR (Sin tráfico)
https://www.personalizadoshosteleria.com/blog/p22292-vaso-de-cerveza-personalizado-o-sin-personalizar.html,0,63,ELIMINAR (Sin tráfico)
https://www.personalizadoshosteleria.com/blog/p19961-importancia-de-beber-el-vino-en-copa-de-cristal.html,0,67,ELIMINAR (Sin tráfico)
https://www.personalizadoshosteleria.com/blog/p25225-copas-de-combinados-o-gin-tonic-personalizadas.html,0,68,ELIMINAR (Sin tráfico)
https://www.personalizadoshosteleria.com/blog/p22871-copas-de-vino-personalizadas.html#copas-de-vino-personalizadas,0,71,ELIMINAR (Sin tráfico)
https://www.personalizadoshosteleria.com/blog/p23188-diferencias-y-consejos-de-grabado-sobre-copas-de-vino.html#pero-por-qu,0,11,ELIMINAR (Sin tráfico)
https://www.personalizadoshosteleria.com/blog/p31145-que-materiales-se-suelen-personalizar-en-hosteleria.html,0,11,ELIMINAR (Sin tráfico)
https://www.personalizadoshosteleria.com/blog/p22327-personalizados-hosteleria.html,0,11,ELIMINAR (Sin tráfico)
https://www.personalizadoshosteleria.com/blog/p18019-servilletas-un-mundo.html,0,10,ELIMINAR (Sin tráfico)
https://www.personalizadoshosteleria.com/blog/p31238-caso-de-exito-servilletas-miniservice-impresas-a-un-color-para-distribuidores-amia.html,0,1,ELIMINAR (Sin tráfico)
https://www.personalizadoshosteleria.com/blog/p18431-cual-sera-nuestro-futuro.html,0,1,ELIMINAR (Sin tráfico)
https://www.personalizadoshosteleria.com/blog/p19832-copas-de-vino-grabadas-y-personalizadas.html#una-ayudita,0,1,ELIMINAR (Sin tráfico)
https://www.personalizadoshosteleria.com/blog/p19832-copas-de-vino-grabadas-y-personalizadas.html#pre-mbulo-de-necesidades,0,1,ELIMINAR (Sin tráfico)
https://www.personalizadoshosteleria.com/blog/p19832-copas-de-vino-grabadas-y-personalizadas.html#las-copas-de-vino-personalizadas,0,1,ELIMINAR (Sin tráfico)
https://www.personalizadoshosteleria.com/blog/p25394-copas-de-vino-personalizadas-capitulo-1.html,0,1,ELIMINAR (Sin tráfico)
https://www.personalizadoshosteleria.com/blog/p20524-copas-de-vino-o-copas-de-vino-personalizadas.html,0,2,ELIMINAR (Sin tráfico)
https://www.personalizadoshosteleria.com/blog/p23045-demanda-de-productos-personalizados-en-el-sector-de-la-hosteleria.html,0,2,ELIMINAR (Sin tráfico)
https://www.personalizadoshosteleria.com/blog/p19909-nuevas-ofertas-en-nuestra-web-nuevos-productos.html,0,2,ELIMINAR (Sin tráfico)
https://www.personalizadoshosteleria.com/blog/p17971-costumbre-tradicion-o-socializacion.html,0,2,ELIMINAR (Sin tráfico)
https://www.personalizadoshosteleria.com/blog/p18130-personalizacion-en-copas-de-vino.html,0,3,ELIMINAR (Sin tráfico)
https://www.personalizadoshosteleria.com/blog/p31358-caso-de-exito-por-que-polibea-eligio-una-fuente-de-porcelana-personalizada-como-regalo-corporativo.html,0,4,ELIMINAR (Sin tráfico)
https://www.personalizadoshosteleria.com/blog/p22871-copas-de-vino-personalizadas.html#motivos,0,72,ELIMINAR (Sin tráfico)
https://www.personalizadoshosteleria.com/blog/p20801-nuevo-impax-en-la-hosteleria-pero-seguiremos.html,0,4,ELIMINAR (Sin tráfico)
https://www.personalizadoshosteleria.com/blog/p22953-personalizados-hosteleria-y-sus-clientes.html#qu-tipo-de-clientes-tenemos,0,4,ELIMINAR (Sin tráfico)
https://www.personalizadoshosteleria.com/blog/p20755-pon-tu-logo-en-la-copa.html,0,5,ELIMINAR (Sin tráfico)
https://www.personalizadoshosteleria.com/blog/p18079-la-hosteleria-como-medio-de-vida.html,0,5,ELIMINAR (Sin tráfico)
https://www.personalizadoshosteleria.com/blog/p22244-personalizados-hosteleria.html,0,6,ELIMINAR (Sin tráfico)
https://www.personalizadoshosteleria.com/blog/p18179-las-diferentes-formas-de-entender-este-paron-por-crisis.html,0,6,ELIMINAR (Sin tráfico)
https://www.personalizadoshosteleria.com/blog/p23150-cuatro-subcategorias-de-copas-personalizadas.html,0,6,ELIMINAR (Sin tráfico)
https://www.personalizadoshosteleria.com/blog/p27009-la-personalizacion-de-productos-en-la-hosteleria.html,0,7,ELIMINAR (Sin tráfico)
https://www.personalizadoshosteleria.com/blog/p30842-personalizacion-de-productos-hosteleria.html,0,8,ELIMINAR (Sin tráfico)
https://www.personalizadoshosteleria.com/blog/p31293-caso-de-exito-vajilla-personalizada-en-porcelana-europea-para-la-taberna-del-mercantic.html,0,8,ELIMINAR (Sin tráfico)
https://www.personalizadoshosteleria.com/blog/p26789-las-copas-de-vino-seleccionadas-por-phcom.html,0,8,ELIMINAR (Sin tráfico)
https://www.personalizadoshosteleria.com/blog/p22057-copas-de-vino.html,0,9,ELIMINAR (Sin tráfico)
https://www.personalizadoshosteleria.com/blog/p20583-copas-de-vino-classic.html,0,9,ELIMINAR (Sin tráfico)
https://www.personalizadoshosteleria.com/blog/p24137-productos-personalizados-la-mejor-opcion.html,0,4,ELIMINAR (Sin tráfico)
https://www.personalizadoshosteleria.com/blog/p22871-copas-de-vino-personalizadas.html#copas-de-vino,0,72,ELIMINAR (Sin tráfico)
https://www.personalizadoshosteleria.com/blog/p19108-condiciones-para-la-reapertura-de-terrazas-de-los-establecimientos-de-hosteleria-y-restauracion.html,0,1,ELIMINAR (Sin tráfico)
https://www.personalizadoshosteleria.com/blog/p26697-copas-de-vino-resistentes-y-personalizadas.html,0,73,ELIMINAR (Sin tráfico)
https://www.personalizadoshosteleria.com/blog/p29490-copas-de-vino-con-medida-de-servir.html#como-se-personalizan-las-copas-de-vino,0,74,ELIMINAR (Sin tráfico)
https://www.personalizadoshosteleria.com/blog/c5629-servilletas-miniservice-hosteleria-publicidad.html,0,76,ELIMINAR (Sin tráfico)
https://www.personalizadoshosteleria.com/blog/p29490-copas-de-vino-con-medida-de-servir.html#por-que-personalizar-las-copas-de-vino,0,95,ELIMINAR (Sin tráfico)
https://www.personalizadoshosteleria.com/blog/p22736-codigos-qr.html,0,96,ELIMINAR (Sin tráfico)
https://www.personalizadoshosteleria.com/blog/p31260-la-personalizacion-como-garantia-de-exito-y-control-de-costes.html,0,99,ELIMINAR (Sin tráfico)
https://www.personalizadoshosteleria.com/blog/p30456-copas-de-vino-grabadas-para-bares-y-restaurantes.html,0,1,ELIMINAR (Sin tráfico)
https://www.personalizadoshosteleria.com/blog/p30090-preguntas-habituales-para-la-personalizacion-de-vajilla.html,3,114,MANTENER
https://www.personalizadoshosteleria.com/blog/p28004-las-tres-copas-de-vino-personalizadas-mas-interesantes-de-nuestra-tienda.html,2,1369,MANTENER
https://www.personalizadoshosteleria.com/blog/p22129-servilletas-personalizadas.html,2,487,MANTENER
https://www.personalizadoshosteleria.com/blog/p27138-servilletas-publicitarias-para-bares.html,2,295,MANTENER
https://www.personalizadoshosteleria.com/blog/p26017-servilletas-20x20-o-servilletas-cocktail.html,2,143,MANTENER
https://www.personalizadoshosteleria.com/blog/p30382-publicidad-de-tu-negocio-en-servilletas-de-bar.html,2,170,MANTENER
https://www.personalizadoshosteleria.com/blog/p24981-servilletas-personalizadas-de-hosteleria.html,2,154,MANTENER
https://www.personalizadoshosteleria.com/blog/p31362-copas-de-vino-personalizadas-para-grandes-proyectos-la-guia-definitiva-de-resistencia-horeca-grabado-laser-y-compras-por-volum.html,3,160,MANTENER
https://www.personalizadoshosteleria.com/blog/p19979-nuevos-elementos-para-la-lectura-de-codigos-qr.html,2,142,MANTENER
https://www.personalizadoshosteleria.com/blog/p20297-codigos-qr.html,2,180,MANTENER
https://www.personalizadoshosteleria.com/blog/p20601-ni-pinta-ni-media-pinta-nonic-de-34-cl-13.html,3,230,MANTENER
https://www.personalizadoshosteleria.com/blog/p22871-copas-de-vino-personalizadas.html,3,1338,MANTENER
https://www.personalizadoshosteleria.com/blog/p26997-productos-personalizados-hosteleria.html,3,1029,MANTENER
https://www.personalizadoshosteleria.com/blog/p29490-copas-de-vino-con-medida-de-servir.html#copas-de-vino-con-medida,2,95,MANTENER
https://www.personalizadoshosteleria.com/blog/p22953-personalizados-hosteleria-y-sus-clientes.html,4,46,MANTENER
https://www.personalizadoshosteleria.com/blog/p26695-servilletas-publicitarias.html,4,632,MANTENER
https://www.personalizadoshosteleria.com/blog/p22537-servilletas-personalizadas.html,5,340,MANTENER
https://www.personalizadoshosteleria.com/blog/p23976-logos-en-las-copas-de-vino-personalizadas.html,6,285,MANTENER
https://www.personalizadoshosteleria.com/blog/p24618-vajilla-personalizada-platos-fuentes-tazas-y-platillos.html,7,815,MANTENER
https://www.personalizadoshosteleria.com/blog/p26704-servilletas-publicitarias-miniservice.html,9,1008,MANTENER
https://www.personalizadoshosteleria.com/blog/p26791-servilletas-cocktail-como-elemento-publicitario.html,12,2745,MANTENER
https://www.personalizadoshosteleria.com/blog/p23188-diferencias-y-consejos-de-grabado-sobre-copas-de-vino.html,16,474,MANTENER
https://www.personalizadoshosteleria.com/blog/p23552-copas-de-vino-informacion-proximamente-en-personalizadoshosteleria-com.html,20,4117,MANTENER
https://www.personalizadoshosteleria.com/blog/p26787-copas-de-vino-o-cerveza-pero-personalizadas-siempre.html,3,238,MANTENER
https://www.personalizadoshosteleria.com/blog/p22190-copas-de-vino-personalizadas-y-elementos-qr.html,2,60,MANTENER
https://www.personalizadoshosteleria.com/blog/p31431-que-es-realmente-el-papel-airlaid-la-tecnologia-de-tejido-en-seco-explicada-al-detalle.html,1,109,MANTENER
https://www.personalizadoshosteleria.com/blog/p31193-merece-la-pena-invertir-en-productos-personalizados-en-hosteleria.html,2,19,MANTENER
https://www.personalizadoshosteleria.com/blog/c4564-copas-de-vino-personalizadas.html,0,154,MANTENER
https://www.personalizadoshosteleria.com/blog/p28149-servilletas.html,0,163,MANTENER
https://www.personalizadoshosteleria.com/blog/p23552-copas-de-vino-informacion-proximamente-en-personalizadoshosteleria-com.html#diferencias-entre-copas-de-vino,0,186,MANTENER
https://www.personalizadoshosteleria.com/blog/p23552-copas-de-vino-informacion-proximamente-en-personalizadoshosteleria-com.html#cu-les-son-las-diferencias-entre-estos-dos-tipos-de-copas-de-vidrio,0,190,MANTENER
https://www.personalizadoshosteleria.com/blog/p26901-las-mejores-copas-de-vino-personalizadas.html,0,198,MANTENER
https://www.personalizadoshosteleria.com/blog/p31105-ventajas-de-usar-manteles-individuales-en-restauracion.html,0,209,MANTENER
https://www.personalizadoshosteleria.com/blog/p23552-copas-de-vino-informacion-proximamente-en-personalizadoshosteleria-com.html#copas-de-vino-de-vidrio,0,214,MANTENER
https://www.personalizadoshosteleria.com/blog/p23552-copas-de-vino-informacion-proximamente-en-personalizadoshosteleria-com.html#copas-de-vino-de-cristal,0,224,MANTENER
https://www.personalizadoshosteleria.com/blog/c4566-servilleteros-y-servilletas-personalizados.html,0,231,MANTENER
https://www.personalizadoshosteleria.com/blog/p25277-servilletas-personalizadas-de-hosteleria.html,0,261,MANTENER
https://www.personalizadoshosteleria.com/blog/p26797-botellas-de-agua-personalizadas.html,0,460,MANTENER
https://www.personalizadoshosteleria.com/blog/p22357-copas-y-vasos-personalizados.html,1,15,MANTENER
https://www.personalizadoshosteleria.com/blog/p31296-normativa-de-tintas-para-servilletas-personalizadas-reglamento-ce-n-1935-2004.html,1,16,MANTENER
https://www.personalizadoshosteleria.com/blog/p24562-copas-de-vino-personalizadas-gama-alta-en-cristal.html,1,17,MANTENER
https://www.personalizadoshosteleria.com/blog/p28014-escandallo-de-resultados-en-copas-de-vino-servidas.html,1,23,MANTENER
https://www.personalizadoshosteleria.com/blog/p20882-cubiertos-personalizados.html,1,40,MANTENER
https://www.personalizadoshosteleria.com/blog/p26003-servilletas-miniservice-impresas.html,1,40,MANTENER
https://www.personalizadoshosteleria.com/blog/p26009-copas-de-vino-personalizadas-schott-zwiesel.html,1,41,MANTENER
https://www.personalizadoshosteleria.com/blog/p24403-grabar-copas-de-vino-personalizadas.html,1,43,MANTENER
https://www.personalizadoshosteleria.com/blog/p19964-presentacion-ofertas-tentadoras.html,1,46,MANTENER
https://www.personalizadoshosteleria.com/blog/p31240-la-rentabilidad-en-hosteleria-como-el-logo-en-tu-copa-de-vino-ph54-controla-el-escandallo-de-consumo.html,1,46,MANTENER
https://www.personalizadoshosteleria.com/blog/p17911-las-copas-de-baco.html,1,68,MANTENER
https://www.personalizadoshosteleria.com/blog/p24401-copas-de-vino-personalizadas.html,1,77,MANTENER
https://www.personalizadoshosteleria.com/blog/p25412-servilletas-canguro-personalizadas-airlaid.html,2,51,MANTENER
https://www.personalizadoshosteleria.com/blog/p29490-copas-de-vino-con-medida-de-servir.html,62,3107,MANTENER
