"Titulo";"Estado";"Comentarios";"Fecha Creacion";"Fecha Actualizacion"
"Qué es realmente el grabado laser en productos personalizados";"Publicado";"0";"10/01/2026 10:24";"10/01/2026 10:24"
"Copas de Vino Personalizadas: Volumen, Calidad y Estilo para tu Marca";"Publicado";"0";"16/12/2025 19:42";"16/12/2025 19:42"
"Servilletas Personalizadas: Éxito de Marca a Través de Detalles";"Publicado";"0";"10/01/2026 10:24";"10/01/2026 10:24"
"Vasos Personalizados: Una Oportunidad de Branding para tu Negocio";"Publicado";"0";"10/01/2026 10:24";"10/01/2026 10:24"
"Cubertería Personalizada: Elegancia y Distinción para tu Restaurante";"Publicado";"0";"10/01/2026 10:24";"10/01/2026 10:24"
"Cristalería Personalizada: Cómo Elegir el Vaso Ideal para tu Bar o Restaurante";"Publicado";"0";"10/01/2026 10:24";"10/01/2026 10:24"
"Vajilla Personalizada: Diseño y Funcionalidad para una Experiencia Única";"Publicado";"0";"10/01/2026 10:24";"10/01/2026 10:24"
"Mantelería Textil Personalizada: Mejora la Imagen de tu Establecimiento";"Publicado";"0";"10/01/2026 10:24";"10/01/2026 10:24"
"Servilletas Personalizadas: Materiales, Técnicas y Consejos para Elegir Bien";"Publicado";"0";"10/01/2026 10:24";"10/01/2026 10:24"
"Copas Personalizadas: Tipos, Materiales y Técnicas de Grabado";"Publicado";"0";"10/01/2026 10:24";"10/01/2026 10:24"
